{
  "posts": [
    {
      "id": 1,
      "post_img_Id": 101,
      "donatee_img_id": 201,
      "donatee_desc": "Part of being a person is about helping others.I am so greateful for all the help I get.Thanks to everyone who helped.",
      "donatee_name": "Sarah Wingston",
      "title": "Sarah's Story",
      "summary": "Sarah Ipsum is simply dummy text of the printing and typesetting industry. Lorem Ipsum has been the industry's standard dummy text ever since the 1500s, when an unknown printer took a galley of type and scrambled it to make a type specimen book.",
      "content": ""
    },
    {
      "id": 2,
      "post_img_Id": 102,
      "donatee_img_id": 202,
      "donatee_desc": "Community service gives me a valuable opportunity to walk into a different community that is less familiar to me but just as colorful and most importantly, in need.",
      "donatee_name": "John Doe",
      "title": "John's Story",
      "summary": "John Ipsum is simply dummy text of the printing and typesetting industry. Lorem Ipsum has been the industry's standard dummy text ever since the 1500s, when an unknown printer took a galley of type and scrambled it to make a type specimen book.",
      "content": ""
    },
    {
      "id": 3,
      "post_img_Id": 103,
      "donatee_img_id": 203,
      "donatee_desc": "Life engenders life. Energy creates energy. It is by spending oneself that one becomes rich.",
      "donatee_name": "Emily Anderson",
      "title": "Emily's Story",
      "summary": "Emily Ipsum is simply dummy text of the printing and typesetting industry. Lorem Ipsum has been the industry's standard dummy text ever since the 1500s, when an unknown printer took a galley of type and scrambled it to make a type specimen book.",
      "content": ""
    },
    {
      "id": 4,
      "post_img_Id": 104,
      "donatee_img_id": 204,
      "donatee_desc": "There is no use whatever trying to help people who do not help themselves. You cannot push anyone up a ladder unless he is willing to climb himself.",
      "donatee_name": "Andrew Hamilton",
      "title": "Andrew's Story",
      "summary": "Andrew Ipsum is simply dummy text of the printing and typesetting industry. Lorem Ipsum has been the industry's standard dummy text ever since the 1500s, when an unknown printer took a galley of type and scrambled it to make a type specimen book.",
      "content": ""
    },
    {
      "id": 5,
      "post_img_Id": 105,
      "donatee_img_id": 205,
      "donatee_desc": "The purpose of life is not to be happy. It is to be useful, to be honorable, to be compassionate, to have it make some difference that you have lived and lived well.",
      "donatee_name": "Irna Towsen",
      "title": "Irna's Story",
      "summary": "Irna Ipsum is simply dummy text of the printing and typesetting industry. Lorem Ipsum has been the industry's standard dummy text ever since the 1500s, when an unknown printer took a galley of type and scrambled it to make a type specimen book.",
      "content": ""
    },
    {
      "id": 6,
      "post_img_Id": 106,
      "donatee_img_id": 206,
      "donatee_desc": "It’s the action, not the fruit of the action, that’s important. You have to do the right thing. It may not be in your power, may not be in your time, that there’ll be any fruit.",
      "donatee_name": "Mark Dale",
      "title": "Mark's Story",
      "summary": "Mark Ipsum is simply dummy text of the printing and typesetting industry. Lorem Ipsum has been the industry's standard dummy text ever since the 1500s, when an unknown printer took a galley of type and scrambled it to make a type specimen book.",
      "content": ""
    },
    {
      "id": 7,
      "post_img_Id": 107,
      "donatee_img_id": 207,
      "donatee_desc": "I am only one, but I am one. I cannot do everything, but I can do something. And I will not let what I cannot do interfere with what I can do.",
      "donatee_name": "Sabeelah Khan",
      "title": "Sabeelah's Story",
      "summary": "Sabeelah Ipsum is simply dummy text of the printing and typesetting industry. Lorem Ipsum has been the industry's standard dummy text ever since the 1500s, when an unknown printer took a galley of type and scrambled it to make a type specimen book.",
      "content": ""
    },
    {
      "id": 8,
      "post_img_Id": 108,
      "donatee_img_id": 208,
      "donatee_desc": "No work is insignificant. All labor that uplifts humanity has dignity and importance and should be undertaken with painstaking excellence.",
      "donatee_name": "Sujith Kandathill",
      "title": "Sujith's Story",
      "summary": "Sujith Ipsum is simply dummy text of the printing and typesetting industry. Lorem Ipsum has been the industry's standard dummy text ever since the 1500s, when an unknown printer took a galley of type and scrambled it to make a type specimen book.",
      "content": ""
    },
    {
      "id": 9,
      "post_img_Id": 109,
      "donatee_img_id": 209,
      "donatee_desc": "Kindness can transform someone’s dark moment with a blaze of light. You’ll never know how much your caring matters. Make a difference for another today.",
      "donatee_name": "Bethel Singer",
      "title": "Bethel's Story",
      "summary": "Bethel Ipsum is simply dummy text of the printing and typesetting industry. Lorem Ipsum has been the industry's standard dummy text ever since the 1500s, when an unknown printer took a galley of type and scrambled it to make a type specimen book.",
      "content": ""
    },
    {
      "id": 10,
      "post_img_Id": 110,
      "donatee_img_id": 210,
      "donatee_desc": "Thousands of candles can be lighted from a single candle, and the life of the candle will not be shortened.",
      "donatee_name": "Daniel Robertson",
      "title": "Daniel's Story",
      "summary": "Daniel Ipsum is simply dummy text of the printing and typesetting industry. Lorem Ipsum has been the industry's standard dummy text ever since the 1500s, when an unknown printer took a galley of type and scrambled it to make a type specimen book.",
      "content": ""
    }
  ],
  "users": [
    {
      "firstname": "Elif",
      "lastname": "Balci",
      "username": "elifb",
      "email": "elif@gmail.com",
      "password": "12345",
      "id": 1
    },
    {
      "firstname": "Ismail",
      "lastname": "O",
      "username": "ismailo",
      "email": "ismail@gmail.com",
      "password": "12345",
      "id": 2
    },
    {
      "firstname": "Mustafa",
      "lastname": "Balci",
      "username": "mustafab",
      "email": "mustafa@gmail.com",
      "password": "12345",
      "id": 3
    },
    {
      "firstname": "Dilek",
      "lastname": "C",
      "username": "dilekc",
      "email": "dilek@gmail.com",
      "password": "12345",
      "id": 4
    },
    {
      "firstname": "sara",
      "lastname": "sara",
      "username": "sara",
      "email": "sara@gmail.com",
      "password": "asdf",
      "id": 5
    },
    {
      "firstname": "elif",
      "lastname": "balci",
      "username": "elifcsep@gmail.com",
      "email": "elifcsep@gmail.com",
      "password": "114003518246516762579",
      "id": 6
    },
    {
      "firstname": "devleth",
      "lastname": "devleth",
      "username": "devleth",
      "email": "devleth@gmail.com",
      "password": "1234",
      "id": 7
    }
  ],
  "medias": [
    {
      "id": 101,
      "media_url": "https://i.postimg.cc/6qpCntLx/sporlab-f8ld5zt3a3k-unsplash.jpg",
      "type": "post"
    },
    {
      "id": 102,
      "media_url": "https://i.postimg.cc/Bv25GhQk/matt-collamer-8-UG90-AYPDW4-unsplash.jpg",
      "type": "post"
    },
    {
      "id": 103,
      "media_url": "https://i.postimg.cc/RFRcWNtT/ben-white-PAi-Vz-Sm-Yy-c-unsplash.jpg",
      "type": "post"
    },
    {
      "id": 104,
      "media_url": "https://i.postimg.cc/5NtmFqnQ/joel-muniz-A4-Ax1-Apccf-A-unsplash.jpg",
      "type": "post"
    },
    {
      "id": 105,
      "media_url": "https://i.postimg.cc/5NtmFqnQ/joel-muniz-A4-Ax1-Apccf-A-unsplash.jpg",
      "type": "post"
    },
    {
      "id": 106,
      "media_url": "https://i.postimg.cc/9Mjp46nc/joel-muniz-3k3l2brxmw-Q-unsplash.jpg",
      "type": "post"
    },
    {
      "id": 107,
      "media_url": "https://i.postimg.cc/VsKq10mf/craig-philbrick-kfx-PVP-7-P7-U-unsplash.jpg",
      "type": "post"
    },
    {
      "id": 108,
      "media_url": "https://i.postimg.cc/brVkRW3D/chitto-cancio-Di-V6h-NAn4b-E-unsplash.jpg",
      "type": "post"
    },
    {
      "id": 109,
      "media_url": "https://i.postimg.cc/RFRcWNtT/ben-white-PAi-Vz-Sm-Yy-c-unsplash.jpg",
      "type": "post"
    },
    {
      "id": 110,
      "media_url": "https://i.postimg.cc/PJSzRPrq/aaron-doucett-Hkbe-Lx-OJlqk-unsplash.jpg",
      "type": "post"
    },
    {
      "id": 201,
      "media_url": "https://i.postimg.cc/wML046Ry/oleg-ivanov-Yc-Opd3zftx-E-unsplash.jpg",
      "type": "donatee"
    },
    {
      "id": 202,
      "media_url": "https://i.postimg.cc/rpsTBWp6/irene-strong-v2a-Knj-Mb-P-k-unsplash.jpg",
      "type": "donatee"
    },
    {
      "id": 203,
      "media_url": "https://i.postimg.cc/CKrPzrV1/miguel-alcantara-f-VVY8z0h9-Y0-unsplash.jpg",
      "type": "donatee"
    },
    {
      "id": 204,
      "media_url": "https://i.postimg.cc/pd5V67kb/leilani-angel-K84vnnzxm-TQ-unsplash.jpg",
      "type": "donatee"
    },
    {
      "id": 205,
      "media_url": "https://i.postimg.cc/ydLCvy93/bruno-emmanuelle-Jf-Nse-U6-L9ug-unsplash.jpg",
      "type": "donatee"
    },
    {
      "id": 206,
      "media_url": "https://i.postimg.cc/9F2hWsfY/ludovic-migneault-EZ4-TYg-XPNWk-unsplash.jpg",
      "type": "donatee"
    },
    {
      "id": 207,
      "media_url": "https://i.postimg.cc/FKnp9TMx/mathis-jrdl-dd0-Eg-K-qo8-A-unsplash.jpg",
      "type": "donatee"
    },
    {
      "id": 208,
      "media_url": "https://i.postimg.cc/bJG6b0zR/kirill-balobanov-Tgtn-H8-Ph9-OI-unsplash.jpg",
      "type": "donatee"
    },
    {
      "id": 209,
      "media_url": "https://i.postimg.cc/SxrtpNTc/christopher-campbell-r-DEOVt-E7v-Os-unsplash.jpg",
      "type": "donatee"
    },
    {
      "id": 210,
      "media_url": "https://i.postimg.cc/6QPKt378/sigmund-Qj-CNk0-Tx-Gfc-unsplash.jpg",
      "type": "donatee"
    }
  ]
}