{
  "posts": [
    {
      "id": 1,
      "post_img_Id": 101,
      "donatee_img_id": 201,
      "donatee_desc": "We used to eat only chickpea stew, now we grow our own vegetables",
      "donatee_name": "Sarah Wingston",
      "title": "Sarah's Story",
      "summary": "Lorem Ipsum is simply dummy text of the printing and typesetting industry. Lorem Ipsum has been the industry's standard dummy text ever since the 1500s, when an unknown printer took a galley of type and scrambled it to make a type specimen book.",
      "content": ""
    },
    {
      "id": 2,
      "post_img_Id": 102,
      "donatee_img_id": 202,
      "donatee_desc": "We used to eat only chickpea stew, now we grow our own vegetables",
      "donatee_name": "Sarah Wingston",
      "title": "Sarah's Story",
      "summary": "Lorem Ipsum is simply dummy text of the printing and typesetting industry. Lorem Ipsum has been the industry's standard dummy text ever since the 1500s, when an unknown printer took a galley of type and scrambled it to make a type specimen book.",
      "content": ""
    },
    {
      "id": 3,
      "post_img_Id": 103,
      "donatee_img_id": 203,
      "donatee_desc": "We used to eat only chickpea stew, now we grow our own vegetables",
      "donatee_name": "Sarah Wingston",
      "title": "Sarah's Story",
      "summary": "Lorem Ipsum is simply dummy text of the printing and typesetting industry. Lorem Ipsum has been the industry's standard dummy text ever since the 1500s, when an unknown printer took a galley of type and scrambled it to make a type specimen book.",
      "content": ""
    },
    {
      "id": 4,
      "post_img_Id": 104,
      "donatee_img_id": 204,
      "donatee_desc": "We used to eat only chickpea stew, now we grow our own vegetables",
      "donatee_name": "Sarah Wingston",
      "title": "Sarah's Story",
      "summary": "Lorem Ipsum is simply dummy text of the printing and typesetting industry. Lorem Ipsum has been the industry's standard dummy text ever since the 1500s, when an unknown printer took a galley of type and scrambled it to make a type specimen book.",
      "content": ""
    },
    {
      "id": 5,
      "post_img_Id": 105,
      "donatee_img_id": 205,
      "donatee_desc": "We used to eat only chickpea stew, now we grow our own vegetables",
      "donatee_name": "Sarah Wingston",
      "title": "Sarah's Story",
      "summary": "Lorem Ipsum is simply dummy text of the printing and typesetting industry. Lorem Ipsum has been the industry's standard dummy text ever since the 1500s, when an unknown printer took a galley of type and scrambled it to make a type specimen book.",
      "content": ""
    },
    {
      "id": 6,
      "post_img_Id": 106,
      "donatee_img_id": 206,
      "donatee_desc": "We used to eat only chickpea stew, now we grow our own vegetables",
      "donatee_name": "Sarah Wingston",
      "title": "Sarah's Story",
      "summary": "Lorem Ipsum is simply dummy text of the printing and typesetting industry. Lorem Ipsum has been the industry's standard dummy text ever since the 1500s, when an unknown printer took a galley of type and scrambled it to make a type specimen book.",
      "content": ""
    },
    {
      "id": 7,
      "post_img_Id": 107,
      "donatee_img_id": 207,
      "donatee_desc": "We used to eat only chickpea stew, now we grow our own vegetables",
      "donatee_name": "Sarah Wingston",
      "title": "Sarah's Story",
      "summary": "Lorem Ipsum is simply dummy text of the printing and typesetting industry. Lorem Ipsum has been the industry's standard dummy text ever since the 1500s, when an unknown printer took a galley of type and scrambled it to make a type specimen book.",
      "content": ""
    },
    {
      "id": 8,
      "post_img_Id": 108,
      "donatee_img_id": 208,
      "donatee_desc": "We used to eat only chickpea stew, now we grow our own vegetables",
      "donatee_name": "Sarah Wingston",
      "title": "Sarah's Story",
      "summary": "Lorem Ipsum is simply dummy text of the printing and typesetting industry. Lorem Ipsum has been the industry's standard dummy text ever since the 1500s, when an unknown printer took a galley of type and scrambled it to make a type specimen book.",
      "content": ""
    },
    {
      "id": 9,
      "post_img_Id": 109,
      "donatee_img_id": 209,
      "donatee_desc": "We used to eat only chickpea stew, now we grow our own vegetables",
      "donatee_name": "Sarah Wingston",
      "title": "Sarah's Story",
      "summary": "Lorem Ipsum is simply dummy text of the printing and typesetting industry. Lorem Ipsum has been the industry's standard dummy text ever since the 1500s, when an unknown printer took a galley of type and scrambled it to make a type specimen book.",
      "content": ""
    },
    {
      "id": 10,
      "post_img_Id": 110,
      "donatee_img_id": 210,
      "donatee_desc": "We used to eat only chickpea stew, now we grow our own vegetables",
      "donatee_name": "Sarah Wingston",
      "title": "Sarah's Story",
      "summary": "Dilek Ipsum is simply dummy text of the printing and typesetting industry. Lorem Ipsum has been the industry's standard dummy text ever since the 1500s, when an unknown printer took a galley of type and scrambled it to make a type specimen book.",
      "content": ""
    }
  ],
  "users": [
    { 
      "firstname":"Elif",
      "lastname":"Balci",
      "username":"elifb",
      "email": "elif@gmail.com",
      "password": "12345",
      "id": 1
    },
    { 
      "firstname":"Ismail",
      "lastname":"O",
      "username":"ismailo",
      "email": "ismail@gmail.com",
      "password": "12345",
      "id": 2
    },
    { 
      "firstname":"Mustafa",
      "lastname":"Balci",
      "username":"mustafab",
      "email": "mustafa@gmail.com",
      "password": "12345",
      "id": 3
    },
    { 
      "firstname":"Dilek",
      "lastname":"C",
      "username":"dilekc",
      "email": "dilek@gmail.com",
      "password": "12345",
      "id": 4
    }
    
  ],
  "medias": [
    { 
      "id":101,
      "media_url":"https://i.postimg.cc/vmDWMNQM/anaya-katlego-CXKk4z-U7an-E-unsplash.jpg",
      "type":"post"
    },
    {
      "id":102,
      "media_url":"https://i.postimg.cc/vmDWMNQM/anaya-katlego-CXKk4z-U7an-E-unsplash.jpg",
      "type":"post"
    },
    {
      "id":103,
      "media_url":"https://i.postimg.cc/vmDWMNQM/anaya-katlego-CXKk4z-U7an-E-unsplash.jpg",
      "type":"post"
    },
    {
      "id":104,
      "media_url":"https://i.postimg.cc/vmDWMNQM/anaya-katlego-CXKk4z-U7an-E-unsplash.jpg",
      "type":"post"
    },
    {
      "id":105,
      "media_url":"https://i.postimg.cc/vmDWMNQM/anaya-katlego-CXKk4z-U7an-E-unsplash.jpg",
      "type":"post"
    },
    {
      "id":106,
      "media_url":"https://i.postimg.cc/vmDWMNQM/anaya-katlego-CXKk4z-U7an-E-unsplash.jpg",
      "type":"post"
    },
    {
      "id":107,
      "media_url":"https://i.postimg.cc/vmDWMNQM/anaya-katlego-CXKk4z-U7an-E-unsplash.jpg",
      "type":"post"
    },
    {
      "id":108,
      "media_url":"https://i.postimg.cc/vmDWMNQM/anaya-katlego-CXKk4z-U7an-E-unsplash.jpg",
      "type":"post"
    },
    {
      "id":109,
      "media_url":"https://i.postimg.cc/vmDWMNQM/anaya-katlego-CXKk4z-U7an-E-unsplash.jpg",
      "type":"post"
    },
    {
      "id":110,
      "media_url":"https://i.postimg.cc/vmDWMNQM/anaya-katlego-CXKk4z-U7an-E-unsplash.jpg",
      "type":"post"
    },
    {
      "id":201,
      "media_url":"https://i.postimg.cc/C13Ccsp0/christiana-rivers-O-XIv-Dy0pcs-unsplash.jpg",
      "type":"donatee"
    },
    {
      "id":202,
      "media_url":"https://i.postimg.cc/C13Ccsp0/christiana-rivers-O-XIv-Dy0pcs-unsplash.jpg",
      "type":"donatee"
    },
    {
      "id":203,
      "media_url":"https://i.postimg.cc/C13Ccsp0/christiana-rivers-O-XIv-Dy0pcs-unsplash.jpg",
      "type":"donatee"
    },
    {
      "id":204,
      "media_url":"https://i.postimg.cc/C13Ccsp0/christiana-rivers-O-XIv-Dy0pcs-unsplash.jpg",
      "type":"donatee"
    },
    {
      "id":205,
      "media_url":"https://i.postimg.cc/C13Ccsp0/christiana-rivers-O-XIv-Dy0pcs-unsplash.jpg",
      "type":"donatee"
    },
    {
      "id":206,
      "media_url":"https://i.postimg.cc/C13Ccsp0/christiana-rivers-O-XIv-Dy0pcs-unsplash.jpg",
      "type":"donatee"
    },
    {
      "id":207,
      "media_url":"https://i.postimg.cc/C13Ccsp0/christiana-rivers-O-XIv-Dy0pcs-unsplash.jpg",
      "type":"donatee"
    },
    {
      "id":208,
      "media_url":"https://i.postimg.cc/C13Ccsp0/christiana-rivers-O-XIv-Dy0pcs-unsplash.jpg",
      "type":"donatee"
    },
    {
      "id":209,
      "media_url":"https://i.postimg.cc/C13Ccsp0/christiana-rivers-O-XIv-Dy0pcs-unsplash.jpg",
      "type":"donatee"
    },
    {
      "id":210,
      "media_url":"https://i.postimg.cc/C13Ccsp0/christiana-rivers-O-XIv-Dy0pcs-unsplash.jpg",
      "type":"donatee"
    }

  ]
}